"id","assignment_id","course_id","user_id","score","submitted_at","graded_date","grade_posted","avg_score"
"17700000123134619",17700000002358326,"17700000000718327",17700000000000094,4.0,2024-06-24 17:59:07.003,2024-06-24 20:28:34.872,2024-06-25 01:23:59.218,3.7
"17700000123134201",17700000002358326,"17700000000718327",17700000000000099,4.0,2024-06-13 20:14:25.052,2024-06-24 20:25:29.358,2024-06-25 01:23:59.218,3.7
"17700000123134714",17700000002358326,"17700000000718327",17700000000000101,4.0,2024-06-24 16:21:05.939,2024-06-24 20:26:46.000,2024-06-25 01:23:59.218,3.7
"17700000123134524",17700000002358326,"17700000000718327",17700000000000204,4.0,2024-06-24 18:09:12.897,2024-06-24 20:27:37.138,2024-06-25 01:23:59.218,3.7
"17700000123134676",17700000002358326,"17700000000718327",17700000000000205,3.5,2024-06-12 15:07:45.934,2024-06-24 20:27:47.137,2024-06-25 01:23:59.218,3.7
"17700000123134638",17700000002358326,"17700000000718327",17700000000000206,3.5,2024-06-12 14:10:11.416,2024-06-24 20:26:55.895,2024-06-25 01:23:59.218,3.7
"17700000123134277",17700000002358326,"17700000000718327",17700000000000208,4.0,2024-06-12 18:30:42.312,2024-06-24 20:28:04.548,2024-06-25 01:23:59.218,3.7
"17700000123134448",17700000002358326,"17700000000718327",17700000000000209,4.0,2024-06-12 18:56:42.030,2024-06-24 20:28:09.268,2024-06-25 01:23:59.218,3.7
"17700000123134315",17700000002358326,"17700000000718327",17700000000000210,3.5,2024-06-12 14:36:38.390,2024-06-24 20:27:32.276,2024-06-25 01:23:59.218,3.7
"17700000123134581",17700000002358326,"17700000000718327",17700000000021564,4.0,2024-06-21 20:31:14.054,2024-06-24 20:25:51.849,2024-06-25 01:23:59.218,3.7
"17700000123134296",17700000002358326,"17700000000718327",17700000000076331,4.0,2024-06-13 21:09:34.139,2024-06-24 20:25:43.883,2024-06-25 01:23:59.218,3.7
"17700000123134467",17700000002358326,"17700000000718327",17700000000083430,4.0,2024-06-24 14:58:18.716,2024-06-24 20:26:33.730,2024-06-25 01:23:59.218,3.7
"17700000123134391",17700000002358326,"17700000000718327",17700000000113901,4.0,2024-06-24 16:32:42.394,2024-06-24 20:27:06.066,2024-06-25 01:23:59.218,3.7
"17700000123134562",17700000002358326,"17700000000718327",17700000000151503,4.0,2024-06-24 15:18:32.999,2024-06-24 20:27:16.254,2024-06-25 01:23:59.218,3.7
"17700000123134657",17700000002358326,"17700000000718327",17700000000216971,4.0,2024-06-24 15:56:42.220,2024-06-24 20:26:14.824,2024-06-25 01:23:59.218,3.7
"17700000123134353",17700000002358326,"17700000000718327",17700000000348579,3.0,2024-06-13 19:28:10.932,2024-06-24 20:25:11.148,2024-06-25 01:23:59.218,3.7
"17700000123134239",17700000002358326,"17700000000718327",17700000000473725,3.0,2024-06-24 20:14:47.173,2024-06-24 20:25:58.751,2024-06-25 01:23:59.218,3.7
"17700000123134334",17700000002358326,"17700000000718327",17700000000473996,4.0,2024-06-12 13:57:36.577,2024-06-24 20:25:37.033,2024-06-25 01:23:59.218,3.7
"17700000123134258",17700000002358326,"17700000000718327",17700000000473997,4.0,2024-06-12 15:28:29.749,2024-06-24 20:27:59.515,2024-06-25 01:23:59.218,3.7
"17700000123134220",17700000002358326,"17700000000718327",17700000000473998,3.0,2024-06-13 19:05:50.627,2024-06-24 20:28:14.304,2024-06-25 01:23:59.218,3.7
"17700000123134505",17700000002358326,"17700000000718327",17700000000473999,4.0,2024-06-11 19:40:36.891,2024-06-24 20:24:38.005,2024-06-25 01:23:59.218,3.7
"17700000123134486",17700000002358326,"17700000000718327",17700000000474000,3.5,2024-06-12 13:38:12.694,2024-06-24 20:25:00.179,2024-06-25 01:23:59.218,3.7
"17700000123134429",17700000002358326,"17700000000718327",17700000000474001,2.0,2024-06-12 13:49:18.811,2024-06-24 20:25:20.073,2024-06-25 01:23:59.218,3.7
"17700000123134543",17700000002358326,"17700000000718327",17700000000474785,3.0,2024-06-24 17:52:01.062,2024-06-24 20:27:54.271,2024-06-25 01:23:59.218,3.7
"17700000123134410",17700000002358326,"17700000000718327",17700000000492463,4.0,2024-06-24 17:39:20.043,2024-06-24 20:26:40.016,2024-06-25 01:23:59.218,3.7
"17700000123702880",17700000002358326,"17700000000718327",17700000000640180,2.0,2024-06-17 15:06:13.070,2024-06-24 20:27:23.866,2024-06-25 01:23:59.218,3.7
"17700000123134372",17700000002358326,"17700000000718327",17700000000675737,4.0,2024-06-24 20:06:10.351,2024-06-24 20:26:26.176,2024-06-25 01:23:59.218,3.7
"17700000123134600",17700000002358326,"17700000000718327",17700000000750269,4.0,2024-06-24 15:40:06.900,2024-06-24 20:26:09.212,2024-06-25 01:23:59.218,3.7
"17700000123134695",17700000002358326,"17700000000718327",17700000000825315,4.0,2024-06-24 16:09:34.490,2024-06-24 20:26:20.931,2024-06-25 01:23:59.218,3.7
"17700000123134620",17700000002358327,"17700000000718327",17700000000000094,6.0,2024-06-24 17:56:01.999,2024-06-25 00:01:28.808,2024-06-25 01:22:50.702,5.7
"17700000123134202",17700000002358327,"17700000000718327",17700000000000099,5.0,2024-06-13 19:46:16.201,2024-06-24 23:59:11.700,2024-06-25 01:22:50.702,5.7
"17700000123134715",17700000002358327,"17700000000718327",17700000000000101,6.0,2024-06-24 16:18:12.115,2024-06-25 00:00:09.829,2024-06-25 01:22:50.702,5.7
"17700000123134525",17700000002358327,"17700000000718327",17700000000000204,6.0,2024-06-24 18:06:15.731,2024-06-25 00:00:47.798,2024-06-25 01:22:50.702,5.7
"17700000123134677",17700000002358327,"17700000000718327",17700000000000205,5.5,2024-06-24 23:37:25.144,2024-06-25 00:00:56.079,2024-06-25 01:22:50.702,5.7
"17700000123134639",17700000002358327,"17700000000718327",17700000000000206,6.0,2024-06-24 20:38:38.732,2024-06-25 00:00:14.266,2024-06-25 01:22:50.702,5.7
"17700000123134278",17700000002358327,"17700000000718327",17700000000000208,5.0,2024-06-24 23:46:50.608,2024-06-25 00:01:10.565,2024-06-25 01:22:50.702,5.7
"17700000123134449",17700000002358327,"17700000000718327",17700000000000209,6.0,2024-06-24 23:52:23.711,2024-06-25 00:01:16.708,2024-06-25 01:22:50.702,5.7
"17700000123134316",17700000002358327,"17700000000718327",17700000000000210,6.0,2024-06-24 20:47:31.855,2024-06-25 00:00:37.974,2024-06-25 01:22:50.702,5.7
"17700000123134582",17700000002358327,"17700000000718327",17700000000021564,6.0,2024-06-21 20:35:28.596,2024-06-24 23:59:27.173,2024-06-25 01:22:50.702,5.7
"17700000123134297",17700000002358327,"17700000000718327",17700000000076331,6.0,2024-06-24 20:30:12.480,2024-06-24 23:59:21.666,2024-06-25 01:22:50.702,5.7
"17700000123134468",17700000002358327,"17700000000718327",17700000000083430,6.0,2024-06-24 15:01:42.752,2024-06-24 23:59:58.817,2024-06-25 01:22:50.702,5.7
"17700000123134392",17700000002358327,"17700000000718327",17700000000113901,6.0,2024-06-24 16:26:27.641,2024-06-25 00:00:19.205,2024-06-25 01:22:50.702,5.7
"17700000123134563",17700000002358327,"17700000000718327",17700000000151503,5.0,2024-06-24 15:05:26.056,2024-06-25 00:00:25.376,2024-06-25 01:22:50.702,5.7
"17700000123134658",17700000002358327,"17700000000718327",17700000000216971,6.0,2024-06-24 15:53:11.343,2024-06-24 23:59:44.354,2024-06-25 01:22:50.702,5.7
"17700000123134354",17700000002358327,"17700000000718327",17700000000348579,6.0,2024-05-14 15:10:27.492,2024-06-24 23:58:56.185,2024-06-25 01:22:50.702,5.7
"17700000123134240",17700000002358327,"17700000000718327",17700000000473725,6.0,2024-06-24 20:11:27.434,2024-06-24 23:59:33.607,2024-06-25 01:22:50.702,5.7
"17700000123134335",17700000002358327,"17700000000718327",17700000000473996,5.7,2024-06-24 20:36:06.419,2024-06-24 23:59:17.095,2024-06-25 01:22:50.702,5.7
"17700000123134259",17700000002358327,"17700000000718327",17700000000473997,5.0,2024-06-24 23:42:18.755,2024-06-25 00:01:06.044,2024-06-25 01:22:50.702,5.7
"17700000123134221",17700000002358327,"17700000000718327",17700000000473998,6.0,2024-06-24 23:56:38.838,2024-06-25 00:01:24.543,2024-06-25 01:22:50.702,5.7
"17700000123134506",17700000002358327,"17700000000718327",17700000000473999,6.0,2024-05-14 14:49:55.594,2024-06-24 23:58:38.122,2024-06-25 01:22:50.702,5.7
"17700000123134487",17700000002358327,"17700000000718327",17700000000474000,5.5,2024-05-14 14:53:54.870,2024-06-24 23:58:49.184,2024-06-25 01:22:50.702,5.7
"17700000123134430",17700000002358327,"17700000000718327",17700000000474001,4.3,2024-05-14 17:57:38.923,2024-06-24 23:59:03.452,2024-06-25 01:22:50.702,5.7
"17700000123134544",17700000002358327,"17700000000718327",17700000000474785,6.0,2024-06-24 17:44:30.503,2024-06-25 00:01:01.201,2024-06-25 01:22:50.702,5.7
"17700000123134411",17700000002358327,"17700000000718327",17700000000492463,6.0,2024-06-24 17:34:42.441,2024-06-25 00:00:03.949,2024-06-25 01:22:50.702,5.7
"17700000123702881",17700000002358327,"17700000000718327",17700000000640180,4.7,2024-06-17 13:53:25.525,2024-06-25 00:00:30.640,2024-06-25 01:22:50.702,5.7
"17700000123134373",17700000002358327,"17700000000718327",17700000000675737,6.0,2024-06-24 20:03:12.320,2024-06-24 23:59:54.200,2024-06-25 01:22:50.702,5.7
"17700000123134601",17700000002358327,"17700000000718327",17700000000750269,5.0,2024-06-24 15:21:28.085,2024-06-24 23:59:39.248,2024-06-25 01:22:50.702,5.7
"17700000123134696",17700000002358327,"17700000000718327",17700000000825315,6.0,2024-06-24 16:01:16.026,2024-06-24 23:59:49.850,2024-06-25 01:22:50.702,5.7
"17700000123134621",17700000002358328,"17700000000718327",17700000000000094,,,,,
"17700000123134203",17700000002358328,"17700000000718327",17700000000000099,,,,,
"17700000123134716",17700000002358328,"17700000000718327",17700000000000101,,,,,
"17700000123134526",17700000002358328,"17700000000718327",17700000000000204,,,,,
"17700000123134678",17700000002358328,"17700000000718327",17700000000000205,,,,,
"17700000123134640",17700000002358328,"17700000000718327",17700000000000206,,,,,
"17700000123134279",17700000002358328,"17700000000718327",17700000000000208,,,,,
"17700000123134450",17700000002358328,"17700000000718327",17700000000000209,,,,,
"17700000123134317",17700000002358328,"17700000000718327",17700000000000210,,,,,
"17700000123134583",17700000002358328,"17700000000718327",17700000000021564,,,,,
"17700000123134298",17700000002358328,"17700000000718327",17700000000076331,,,,,
"17700000123134469",17700000002358328,"17700000000718327",17700000000083430,,,,,
"17700000123134393",17700000002358328,"17700000000718327",17700000000113901,,,,,
"17700000123134564",17700000002358328,"17700000000718327",17700000000151503,,,,,
"17700000123134659",17700000002358328,"17700000000718327",17700000000216971,,,,,
"17700000123134355",17700000002358328,"17700000000718327",17700000000348579,,,,,
"17700000123134241",17700000002358328,"17700000000718327",17700000000473725,,,,,
"17700000123134336",17700000002358328,"17700000000718327",17700000000473996,,,,,
"17700000123134260",17700000002358328,"17700000000718327",17700000000473997,,,,,
"17700000123134222",17700000002358328,"17700000000718327",17700000000473998,,,,,
"17700000123134507",17700000002358328,"17700000000718327",17700000000473999,,,,,
"17700000123134488",17700000002358328,"17700000000718327",17700000000474000,,,,,
"17700000123134431",17700000002358328,"17700000000718327",17700000000474001,,,,,
"17700000123134545",17700000002358328,"17700000000718327",17700000000474785,,,,,
"17700000123134412",17700000002358328,"17700000000718327",17700000000492463,,,,,
"17700000123702882",17700000002358328,"17700000000718327",17700000000640180,,,,,
"17700000123134374",17700000002358328,"17700000000718327",17700000000675737,,,,,
"17700000123134602",17700000002358328,"17700000000718327",17700000000750269,,,,,
"17700000123134697",17700000002358328,"17700000000718327",17700000000825315,,,,,
"17700000123134622",17700000002358329,"17700000000718327",17700000000000094,,,,,
"17700000123134204",17700000002358329,"17700000000718327",17700000000000099,,,,,
"17700000123134717",17700000002358329,"17700000000718327",17700000000000101,,,,,
"17700000123134527",17700000002358329,"17700000000718327",17700000000000204,,,,,
"17700000123134679",17700000002358329,"17700000000718327",17700000000000205,,,,,
"17700000123134641",17700000002358329,"17700000000718327",17700000000000206,,,,,
"17700000123134280",17700000002358329,"17700000000718327",17700000000000208,,,,,
"17700000123134451",17700000002358329,"17700000000718327",17700000000000209,,,,,
"17700000123134318",17700000002358329,"17700000000718327",17700000000000210,,,,,
"17700000123134584",17700000002358329,"17700000000718327",17700000000021564,,,,,
"17700000123134299",17700000002358329,"17700000000718327",17700000000076331,,,,,
"17700000123134470",17700000002358329,"17700000000718327",17700000000083430,,,,,
"17700000123134394",17700000002358329,"17700000000718327",17700000000113901,,,,,
"17700000123134565",17700000002358329,"17700000000718327",17700000000151503,,,,,
"17700000123134660",17700000002358329,"17700000000718327",17700000000216971,,,,,
"17700000123134356",17700000002358329,"17700000000718327",17700000000348579,,,,,
"17700000123134242",17700000002358329,"17700000000718327",17700000000473725,,,,,
"17700000123134337",17700000002358329,"17700000000718327",17700000000473996,,,,,
"17700000123134261",17700000002358329,"17700000000718327",17700000000473997,,,,,
"17700000123134223",17700000002358329,"17700000000718327",17700000000473998,,,,,
"17700000123134508",17700000002358329,"17700000000718327",17700000000473999,,,,,
"17700000123134489",17700000002358329,"17700000000718327",17700000000474000,,,,,
"17700000123134432",17700000002358329,"17700000000718327",17700000000474001,,,,,
"17700000123134546",17700000002358329,"17700000000718327",17700000000474785,,,,,
"17700000123134413",17700000002358329,"17700000000718327",17700000000492463,,,,,
"17700000123702883",17700000002358329,"17700000000718327",17700000000640180,,,,,
"17700000123134375",17700000002358329,"17700000000718327",17700000000675737,,,,,
"17700000123134603",17700000002358329,"17700000000718327",17700000000750269,,,,,
"17700000123134698",17700000002358329,"17700000000718327",17700000000825315,,,,,
"17700000123134623",17700000002358330,"17700000000718327",17700000000000094,10.0,2024-06-24 17:56:48.208,2024-06-25 00:04:40.572,2024-06-25 01:23:03.534,9.0
"17700000123134205",17700000002358330,"17700000000718327",17700000000000099,9.0,2024-06-13 19:46:59.661,2024-06-25 00:02:25.205,2024-06-25 01:23:03.534,9.0
"17700000123134718",17700000002358330,"17700000000718327",17700000000000101,10.0,2024-06-24 16:19:05.988,2024-06-25 00:03:23.609,2024-06-25 01:23:03.534,9.0
"17700000123134528",17700000002358330,"17700000000718327",17700000000000204,10.0,2024-06-24 18:07:04.588,2024-06-25 00:03:53.487,2024-06-25 01:23:03.534,9.0
"17700000123134680",17700000002358330,"17700000000718327",17700000000000205,8.0,2024-06-24 23:38:14.016,2024-06-25 00:04:04.094,2024-06-25 01:23:03.534,9.0
"17700000123134642",17700000002358330,"17700000000718327",17700000000000206,7.0,2024-06-24 20:39:27.223,2024-06-25 00:03:28.538,2024-06-25 01:23:03.534,9.0
"17700000123134281",17700000002358330,"17700000000718327",17700000000000208,8.0,2024-06-24 23:47:34.143,2024-06-25 00:04:23.425,2024-06-25 01:23:03.534,9.0
"17700000123134452",17700000002358330,"17700000000718327",17700000000000209,9.0,2024-06-24 23:53:13.609,2024-06-25 00:04:27.831,2024-06-25 01:23:03.534,9.0
"17700000123134319",17700000002358330,"17700000000718327",17700000000000210,8.0,2024-06-24 20:48:38.845,2024-06-25 00:03:49.137,2024-06-25 01:23:03.534,9.0
"17700000123134585",17700000002358330,"17700000000718327",17700000000021564,10.0,2024-06-21 20:36:04.051,2024-06-25 00:02:39.745,2024-06-25 01:23:03.534,9.0
"17700000123134300",17700000002358330,"17700000000718327",17700000000076331,9.0,2024-06-24 20:30:50.141,2024-06-25 00:02:35.457,2024-06-25 01:23:03.534,9.0
"17700000123134471",17700000002358330,"17700000000718327",17700000000083430,9.0,2024-06-24 15:02:30.310,2024-06-25 00:03:14.224,2024-06-25 01:23:03.534,9.0
"17700000123134395",17700000002358330,"17700000000718327",17700000000113901,9.0,2024-06-24 16:27:14.222,2024-06-25 00:03:33.377,2024-06-25 01:23:03.534,9.0
"17700000123134566",17700000002358330,"17700000000718327",17700000000151503,10.0,2024-06-24 15:06:45.629,2024-06-25 00:03:38.069,2024-06-25 01:23:03.534,9.0
"17700000123134661",17700000002358330,"17700000000718327",17700000000216971,10.0,2024-06-24 15:54:04.065,2024-06-25 00:02:55.055,2024-06-25 01:23:03.534,9.0
"17700000123134357",17700000002358330,"17700000000718327",17700000000348579,8.0,2024-06-13 19:29:15.077,2024-06-25 00:02:14.710,2024-06-25 01:23:03.534,9.0
"17700000123134243",17700000002358330,"17700000000718327",17700000000473725,9.0,2024-06-24 20:12:28.470,2024-06-25 00:02:43.976,2024-06-25 01:23:03.534,9.0
"17700000123134338",17700000002358330,"17700000000718327",17700000000473996,8.0,2024-06-13 20:32:47.715,2024-06-25 00:02:30.111,2024-06-25 01:23:03.534,9.0
"17700000123134262",17700000002358330,"17700000000718327",17700000000473997,9.0,2024-06-24 23:43:12.790,2024-06-25 00:04:18.639,2024-06-25 01:23:03.534,9.0
"17700000123134224",17700000002358330,"17700000000718327",17700000000473998,8.0,2024-06-13 19:10:57.855,2024-06-25 00:04:34.340,2024-06-25 01:23:03.534,9.0
"17700000123134509",17700000002358330,"17700000000718327",17700000000473999,10.0,2024-06-13 19:16:24.222,2024-06-25 00:02:00.343,2024-06-25 01:23:03.534,9.0
"17700000123134490",17700000002358330,"17700000000718327",17700000000474000,9.0,2024-06-13 19:33:38.291,2024-06-25 00:02:08.845,2024-06-25 01:23:03.534,9.0
"17700000123134433",17700000002358330,"17700000000718327",17700000000474001,7.0,2024-06-13 19:42:12.322,2024-06-25 00:02:20.329,2024-06-25 01:23:03.534,9.0
"17700000123134547",17700000002358330,"17700000000718327",17700000000474785,10.0,2024-06-24 17:45:34.993,2024-06-25 00:04:08.605,2024-06-25 01:23:03.534,9.0
"17700000123134414",17700000002358330,"17700000000718327",17700000000492463,9.0,2024-06-24 17:35:43.233,2024-06-25 00:03:18.959,2024-06-25 01:23:03.534,9.0
"17700000123702884",17700000002358330,"17700000000718327",17700000000640180,9.0,2024-06-17 13:57:04.196,2024-06-25 00:03:42.886,2024-06-25 01:23:03.534,9.0
"17700000123134376",17700000002358330,"17700000000718327",17700000000675737,10.0,2024-06-24 20:04:01.890,2024-06-25 00:03:08.443,2024-06-25 01:23:03.534,9.0
"17700000123134604",17700000002358330,"17700000000718327",17700000000750269,9.0,2024-06-24 15:22:12.384,2024-06-25 00:02:49.211,2024-06-25 01:23:03.534,9.0
"17700000123134699",17700000002358330,"17700000000718327",17700000000825315,9.0,2024-06-24 16:02:25.790,2024-06-25 00:02:59.646,2024-06-25 01:23:03.534,9.0
"17700000123134624",17700000002358331,"17700000000718327",17700000000000094,19.0,2024-06-24 17:57:43.856,2024-06-25 00:07:22.025,2024-06-25 01:23:17.067,18.3
"17700000123134206",17700000002358331,"17700000000718327",17700000000000099,19.0,2024-06-13 20:00:10.391,2024-06-25 00:05:23.049,2024-06-25 01:23:17.067,18.3
"17700000123134719",17700000002358331,"17700000000718327",17700000000000101,18.0,2024-06-24 16:19:55.655,2024-06-25 00:06:19.047,2024-06-25 01:23:17.067,18.3
"17700000123134529",17700000002358331,"17700000000718327",17700000000000204,20.0,2024-06-12 14:48:16.311,2024-06-25 00:06:47.462,2024-06-25 01:23:17.067,18.3
"17700000123134681",17700000002358331,"17700000000718327",17700000000000205,18.0,2024-06-24 23:39:20.797,2024-06-25 00:06:52.957,2024-06-25 01:23:17.067,18.3
"17700000123134643",17700000002358331,"17700000000718327",17700000000000206,16.0,2024-06-24 20:43:35.775,2024-06-25 00:06:22.907,2024-06-25 01:23:17.067,18.3
"17700000123134282",17700000002358331,"17700000000718327",17700000000000208,19.0,2024-06-24 23:48:27.734,2024-06-25 00:07:07.537,2024-06-25 01:23:17.067,18.3
"17700000123134453",17700000002358331,"17700000000718327",17700000000000209,18.0,2024-06-12 18:40:57.942,2024-06-25 00:07:11.432,2024-06-25 01:23:17.067,18.3
"17700000123134320",17700000002358331,"17700000000718327",17700000000000210,16.0,2024-06-12 14:24:21.079,2024-06-25 00:06:42.397,2024-06-25 01:23:17.067,18.3
"17700000123134586",17700000002358331,"17700000000718327",17700000000021564,19.0,2024-06-21 20:36:49.821,2024-06-25 00:05:37.362,2024-06-25 01:23:17.067,18.3
"17700000123134301",17700000002358331,"17700000000718327",17700000000076331,19.0,2024-06-24 20:32:22.632,2024-06-25 00:05:32.051,2024-06-25 01:23:17.067,18.3
"17700000123134472",17700000002358331,"17700000000718327",17700000000083430,20.0,2024-06-24 15:03:25.107,2024-06-25 00:06:09.265,2024-06-25 01:23:17.067,18.3
"17700000123134396",17700000002358331,"17700000000718327",17700000000113901,19.0,2024-06-24 16:28:36.438,2024-06-25 00:06:26.604,2024-06-25 01:23:17.067,18.3
"17700000123134567",17700000002358331,"17700000000718327",17700000000151503,19.0,2024-06-24 15:07:59.213,2024-06-25 00:06:32.165,2024-06-25 01:23:17.067,18.3
"17700000123134662",17700000002358331,"17700000000718327",17700000000216971,19.0,2024-06-24 15:55:12.763,2024-06-25 00:05:54.762,2024-06-25 01:23:17.067,18.3
"17700000123134358",17700000002358331,"17700000000718327",17700000000348579,17.0,2024-06-13 19:31:44.339,2024-06-25 00:05:12.591,2024-06-25 01:23:17.067,18.3
"17700000123134244",17700000002358331,"17700000000718327",17700000000473725,18.0,2024-06-24 20:13:34.307,2024-06-25 00:05:45.564,2024-06-25 01:23:17.067,18.3
"17700000123134339",17700000002358331,"17700000000718327",17700000000473996,18.0,2024-06-13 20:33:26.691,2024-06-25 00:05:27.435,2024-06-25 01:23:17.067,18.3
"17700000123134263",17700000002358331,"17700000000718327",17700000000473997,17.0,2024-06-24 23:43:55.526,2024-06-25 00:07:03.031,2024-06-25 01:23:17.067,18.3
"17700000123134225",17700000002358331,"17700000000718327",17700000000473998,15.0,2024-06-13 17:49:59.734,2024-06-25 00:07:18.056,2024-06-25 01:23:17.067,18.3
"17700000123134510",17700000002358331,"17700000000718327",17700000000473999,19.0,2024-06-13 19:18:46.760,2024-06-25 00:05:01.620,2024-06-25 01:23:17.067,18.3
"17700000123134491",17700000002358331,"17700000000718327",17700000000474000,17.0,2024-06-13 19:34:03.515,2024-06-25 00:05:06.217,2024-06-25 01:23:17.067,18.3
"17700000123134434",17700000002358331,"17700000000718327",17700000000474001,16.0,2024-06-13 19:42:40.281,2024-06-25 00:05:17.436,2024-06-25 01:23:17.067,18.3
"17700000123134548",17700000002358331,"17700000000718327",17700000000474785,19.0,2024-06-24 17:47:04.069,2024-06-25 00:06:57.918,2024-06-25 01:23:17.067,18.3
"17700000123134415",17700000002358331,"17700000000718327",17700000000492463,19.0,2024-06-24 17:36:30.533,2024-06-25 00:06:15.012,2024-06-25 01:23:17.067,18.3
"17700000123702885",17700000002358331,"17700000000718327",17700000000640180,20.0,2024-06-17 14:58:31.884,2024-06-25 00:06:36.240,2024-06-25 01:23:17.067,18.3
"17700000123134377",17700000002358331,"17700000000718327",17700000000675737,19.0,2024-06-24 20:04:50.953,2024-06-25 00:06:05.147,2024-06-25 01:23:17.067,18.3
"17700000123134605",17700000002358331,"17700000000718327",17700000000750269,20.0,2024-06-24 15:39:01.798,2024-06-25 00:05:49.401,2024-06-25 01:23:17.067,18.3
"17700000123134700",17700000002358331,"17700000000718327",17700000000825315,18.0,2024-06-24 16:03:22.119,2024-06-25 00:05:59.954,2024-06-25 01:23:17.067,18.3
"17700000123134625",17700000002358332,"17700000000718327",17700000000000094,48.0,2024-06-24 17:59:52.487,2024-06-25 00:30:22.883,2024-06-25 01:24:17.752,45.9
"17700000123134207",17700000002358332,"17700000000718327",17700000000000099,46.0,2024-06-13 20:15:06.144,2024-06-25 00:27:47.642,2024-06-25 01:24:17.752,45.9
"17700000123134720",17700000002358332,"17700000000718327",17700000000000101,46.0,2024-06-24 16:21:43.378,2024-06-25 00:29:02.360,2024-06-25 01:24:17.752,45.9
"17700000123134530",17700000002358332,"17700000000718327",17700000000000204,49.0,2024-06-24 18:09:35.734,2024-06-25 00:29:39.466,2024-06-25 01:24:17.752,45.9
"17700000123134682",17700000002358332,"17700000000718327",17700000000000205,45.0,2024-06-12 15:08:24.787,2024-06-25 00:29:43.958,2024-06-25 01:24:17.752,45.9
"17700000123134644",17700000002358332,"17700000000718327",17700000000000206,37.0,2024-06-24 20:43:57.134,2024-06-25 00:29:08.951,2024-06-25 01:24:17.752,45.9
"17700000123134283",17700000002358332,"17700000000718327",17700000000000208,45.0,2024-06-12 18:31:25.759,2024-06-25 00:30:05.060,2024-06-25 01:24:17.752,45.9
"17700000123134454",17700000002358332,"17700000000718327",17700000000000209,44.0,2024-06-24 23:54:16.354,2024-06-25 00:30:11.567,2024-06-25 01:24:17.752,45.9
"17700000123134321",17700000002358332,"17700000000718327",17700000000000210,44.0,2024-06-12 14:37:21.788,2024-06-25 00:29:34.044,2024-06-25 01:24:17.752,45.9
"17700000123134587",17700000002358332,"17700000000718327",17700000000021564,48.0,2024-06-21 20:31:53.977,2024-06-25 00:28:08.071,2024-06-25 01:24:17.752,45.9
"17700000123134302",17700000002358332,"17700000000718327",17700000000076331,47.0,2024-06-13 21:10:54.089,2024-06-25 00:28:03.673,2024-06-25 01:24:17.752,45.9
"17700000123134473",17700000002358332,"17700000000718327",17700000000083430,49.0,2024-06-24 14:59:10.345,2024-06-25 00:28:48.022,2024-06-25 01:24:17.752,45.9
"17700000123134397",17700000002358332,"17700000000718327",17700000000113901,48.0,2024-06-24 16:33:11.057,2024-06-25 00:29:17.740,2024-06-25 01:24:17.752,45.9
"17700000123134568",17700000002358332,"17700000000718327",17700000000151503,48.0,,2024-06-25 00:29:21.959,2024-06-25 01:24:17.752,45.9
"17700000123134663",17700000002358332,"17700000000718327",17700000000216971,46.0,2024-06-24 15:58:08.801,2024-06-25 00:28:28.479,2024-06-25 01:24:17.752,45.9
"17700000123134359",17700000002358332,"17700000000718327",17700000000348579,44.0,2024-06-13 19:29:46.052,2024-06-25 00:27:28.065,2024-06-25 01:24:17.752,45.9
"17700000123134245",17700000002358332,"17700000000718327",17700000000473725,46.0,2024-06-24 20:15:17.533,2024-06-25 00:28:12.213,2024-06-25 01:24:17.752,45.9
"17700000123134340",17700000002358332,"17700000000718327",17700000000473996,44.0,2024-06-13 20:34:55.029,2024-06-25 00:27:56.123,2024-06-25 01:24:17.752,45.9
"17700000123134264",17700000002358332,"17700000000718327",17700000000473997,43.0,2024-06-12 15:29:07.757,2024-06-25 00:29:57.968,2024-06-25 01:24:17.752,45.9
"17700000123134226",17700000002358332,"17700000000718327",17700000000473998,42.0,2024-06-13 19:09:54.510,2024-06-25 00:30:18.217,2024-06-25 01:24:17.752,45.9
"17700000123134511",17700000002358332,"17700000000718327",17700000000473999,49.0,2024-06-11 19:42:25.807,2024-06-25 00:27:12.881,2024-06-25 01:24:17.752,45.9
"17700000123134492",17700000002358332,"17700000000718327",17700000000474000,45.0,2024-06-12 13:39:06.648,2024-06-25 00:27:19.560,2024-06-25 01:24:17.752,45.9
"17700000123134435",17700000002358332,"17700000000718327",17700000000474001,39.0,2024-06-13 19:43:55.647,2024-06-25 00:27:37.413,2024-06-25 01:24:17.752,45.9
"17700000123134549",17700000002358332,"17700000000718327",17700000000474785,49.0,2024-06-24 17:52:42.699,2024-06-25 00:29:48.555,2024-06-25 01:24:17.752,45.9
"17700000123134416",17700000002358332,"17700000000718327",17700000000492463,48.0,2024-06-24 17:41:36.146,2024-06-25 00:28:55.307,2024-06-25 01:24:17.752,45.9
"17700000123702886",17700000002358332,"17700000000718327",17700000000640180,48.0,2024-06-24 15:09:02.096,2024-06-25 00:29:26.616,2024-06-25 01:24:17.752,45.9
"17700000123134378",17700000002358332,"17700000000718327",17700000000675737,50.0,2024-06-24 20:06:42.411,2024-06-25 00:28:40.770,2024-06-25 01:24:17.752,45.9
"17700000123134606",17700000002358332,"17700000000718327",17700000000750269,48.0,2024-06-25 00:19:38.658,2024-06-25 00:28:22.004,2024-06-25 01:24:17.752,45.9
"17700000123134701",17700000002358332,"17700000000718327",17700000000825315,45.0,2024-06-24 16:10:06.656,2024-06-25 00:28:35.543,2024-06-25 01:24:17.752,45.9
"17700000123134626",17700000002358333,"17700000000718327",17700000000000094,,2024-06-24 18:02:36.580,,,
"17700000123134208",17700000002358333,"17700000000718327",17700000000000099,,2024-06-25 00:58:04.583,,,
"17700000123134721",17700000002358333,"17700000000718327",17700000000000101,,2024-06-25 01:12:44.005,,,
"17700000123134531",17700000002358333,"17700000000718327",17700000000000204,,2024-06-24 18:10:58.566,,,
"17700000123134683",17700000002358333,"17700000000718327",17700000000000205,,2024-06-24 23:41:13.664,,,
"17700000123134645",17700000002358333,"17700000000718327",17700000000000206,,2024-06-24 20:46:05.302,,,
"17700000123134284",17700000002358333,"17700000000718327",17700000000000208,,2024-06-24 23:50:30.263,,,
"17700000123134455",17700000002358333,"17700000000718327",17700000000000209,,2024-06-24 23:55:31.378,,,
"17700000123134322",17700000002358333,"17700000000718327",17700000000000210,,2024-06-24 20:52:10.335,,,
"17700000123134588",17700000002358333,"17700000000718327",17700000000021564,,2024-06-25 01:00:00.887,,,
"17700000123134303",17700000002358333,"17700000000718327",17700000000076331,,2024-06-24 20:33:42.891,,,
"17700000123134474",17700000002358333,"17700000000718327",17700000000083430,,2024-06-24 15:00:55.828,,,
"17700000123134398",17700000002358333,"17700000000718327",17700000000113901,,2024-06-25 01:14:50.024,,,
"17700000123134569",17700000002358333,"17700000000718327",17700000000151503,,2024-06-25 01:17:03.738,,,
"17700000123134664",17700000002358333,"17700000000718327",17700000000216971,,2024-06-25 01:03:35.905,,,
"17700000123134360",17700000002358333,"17700000000718327",17700000000348579,,2024-06-25 00:10:40.740,,,
"17700000123134246",17700000002358333,"17700000000718327",17700000000473725,,2024-06-24 20:17:32.602,,,
"17700000123134341",17700000002358333,"17700000000718327",17700000000473996,,2024-06-24 20:37:01.630,,,
"17700000123134265",17700000002358333,"17700000000718327",17700000000473997,,2024-06-24 23:45:24.279,,,
"17700000123134227",17700000002358333,"17700000000718327",17700000000473998,,2024-06-24 23:57:44.271,,,
"17700000123134512",17700000002358333,"17700000000718327",17700000000473999,,2024-06-25 00:52:32.593,,,
"17700000123134493",17700000002358333,"17700000000718327",17700000000474000,,2024-06-25 00:54:30.260,,,
"17700000123134436",17700000002358333,"17700000000718327",17700000000474001,,2024-06-25 00:56:13.117,,,
"17700000123134550",17700000002358333,"17700000000718327",17700000000474785,,2024-06-25 01:20:30.688,,,
"17700000123134417",17700000002358333,"17700000000718327",17700000000492463,,2024-06-25 01:10:32.539,,,
"17700000123702887",17700000002358333,"17700000000718327",17700000000640180,,2024-06-24 15:16:11.319,,,
"17700000123134379",17700000002358333,"17700000000718327",17700000000675737,,2024-06-24 20:08:43.541,,,
"17700000123134607",17700000002358333,"17700000000718327",17700000000750269,,2024-06-25 00:20:53.088,,,
"17700000123134702",17700000002358333,"17700000000718327",17700000000825315,,2024-06-25 01:07:22.665,,,
"17700000123134627",17700000002358334,"17700000000718327",17700000000000094,,,,,
"17700000123134209",17700000002358334,"17700000000718327",17700000000000099,,,,,
"17700000123134722",17700000002358334,"17700000000718327",17700000000000101,,,,,
"17700000123134532",17700000002358334,"17700000000718327",17700000000000204,,,,,
"17700000123134684",17700000002358334,"17700000000718327",17700000000000205,,,,,
"17700000123134646",17700000002358334,"17700000000718327",17700000000000206,,,,,
"17700000123134285",17700000002358334,"17700000000718327",17700000000000208,,,,,
"17700000123134456",17700000002358334,"17700000000718327",17700000000000209,,,,,
"17700000123134323",17700000002358334,"17700000000718327",17700000000000210,,,,,
"17700000123134589",17700000002358334,"17700000000718327",17700000000021564,,,,,
"17700000123134304",17700000002358334,"17700000000718327",17700000000076331,,,,,
"17700000123134475",17700000002358334,"17700000000718327",17700000000083430,,,,,
"17700000123134399",17700000002358334,"17700000000718327",17700000000113901,,,,,
"17700000123134570",17700000002358334,"17700000000718327",17700000000151503,,,,,
"17700000123134665",17700000002358334,"17700000000718327",17700000000216971,,,,,
"17700000123134361",17700000002358334,"17700000000718327",17700000000348579,,,,,
"17700000123134247",17700000002358334,"17700000000718327",17700000000473725,,,,,
"17700000123134342",17700000002358334,"17700000000718327",17700000000473996,,,,,
"17700000123134266",17700000002358334,"17700000000718327",17700000000473997,,,,,
"17700000123134228",17700000002358334,"17700000000718327",17700000000473998,,,,,
"17700000123134513",17700000002358334,"17700000000718327",17700000000473999,,,,,
"17700000123134494",17700000002358334,"17700000000718327",17700000000474000,,,,,
"17700000123134437",17700000002358334,"17700000000718327",17700000000474001,,,,,
"17700000123134551",17700000002358334,"17700000000718327",17700000000474785,,,,,
"17700000123134418",17700000002358334,"17700000000718327",17700000000492463,,,,,
"17700000123702888",17700000002358334,"17700000000718327",17700000000640180,,2024-06-24 15:19:45.963,,,
"17700000123134380",17700000002358334,"17700000000718327",17700000000675737,,,,,
"17700000123134608",17700000002358334,"17700000000718327",17700000000750269,,,,,
"17700000123134703",17700000002358334,"17700000000718327",17700000000825315,,,,,
"17700000123134628",17700000002358335,"17700000000718327",17700000000000094,,,,,
"17700000123134210",17700000002358335,"17700000000718327",17700000000000099,,,,,
"17700000123134723",17700000002358335,"17700000000718327",17700000000000101,,,,,
"17700000123134533",17700000002358335,"17700000000718327",17700000000000204,,,,,
"17700000123134685",17700000002358335,"17700000000718327",17700000000000205,,,,,
"17700000123134647",17700000002358335,"17700000000718327",17700000000000206,,,,,
"17700000123134286",17700000002358335,"17700000000718327",17700000000000208,,,,,
"17700000123134457",17700000002358335,"17700000000718327",17700000000000209,,,,,
"17700000123134324",17700000002358335,"17700000000718327",17700000000000210,,,,,
"17700000123134590",17700000002358335,"17700000000718327",17700000000021564,,,,,
"17700000123134305",17700000002358335,"17700000000718327",17700000000076331,,,,,
"17700000123134476",17700000002358335,"17700000000718327",17700000000083430,,,,,
"17700000123134400",17700000002358335,"17700000000718327",17700000000113901,,,,,
"17700000123134571",17700000002358335,"17700000000718327",17700000000151503,,,,,
"17700000123134666",17700000002358335,"17700000000718327",17700000000216971,,,,,
"17700000123134362",17700000002358335,"17700000000718327",17700000000348579,,,,,
"17700000123134248",17700000002358335,"17700000000718327",17700000000473725,,,,,
"17700000123134343",17700000002358335,"17700000000718327",17700000000473996,,,,,
"17700000123134267",17700000002358335,"17700000000718327",17700000000473997,,,,,
"17700000123134229",17700000002358335,"17700000000718327",17700000000473998,,,,,
"17700000123134514",17700000002358335,"17700000000718327",17700000000473999,,,,,
"17700000123134495",17700000002358335,"17700000000718327",17700000000474000,,,,,
"17700000123134438",17700000002358335,"17700000000718327",17700000000474001,,,,,
"17700000123134552",17700000002358335,"17700000000718327",17700000000474785,,,,,
"17700000123134419",17700000002358335,"17700000000718327",17700000000492463,,,,,
"17700000123702889",17700000002358335,"17700000000718327",17700000000640180,,,,,
"17700000123134381",17700000002358335,"17700000000718327",17700000000675737,,,,,
"17700000123134609",17700000002358335,"17700000000718327",17700000000750269,,,,,
"17700000123134704",17700000002358335,"17700000000718327",17700000000825315,,,,,
"17700000123134629",17700000002358336,"17700000000718327",17700000000000094,24.0,2024-06-24 17:57:16.348,2024-06-25 00:26:05.059,2024-06-25 01:23:44.274,22.8
"17700000123134211",17700000002358336,"17700000000718327",17700000000000099,23.0,2024-06-13 19:47:33.078,2024-06-25 00:22:47.136,2024-06-25 01:23:44.274,22.8
"17700000123134724",17700000002358336,"17700000000718327",17700000000000101,24.0,2024-06-24 16:19:28.806,2024-06-25 00:24:09.930,2024-06-25 01:23:44.274,22.8
"17700000123134534",17700000002358336,"17700000000718327",17700000000000204,24.0,2024-06-24 18:07:43.352,2024-06-25 00:25:04.908,2024-06-25 01:23:44.274,22.8
"17700000123134686",17700000002358336,"17700000000718327",17700000000000205,20.0,2024-06-24 23:38:42.132,2024-06-25 00:25:10.821,2024-06-25 01:23:44.274,22.8
"17700000123134648",17700000002358336,"17700000000718327",17700000000000206,19.0,2024-06-24 20:42:51.029,2024-06-25 00:24:26.811,2024-06-25 01:23:44.274,22.8
"17700000123134287",17700000002358336,"17700000000718327",17700000000000208,20.0,2024-06-24 23:47:52.880,2024-06-25 00:25:37.384,2024-06-25 01:23:44.274,22.8
"17700000123134458",17700000002358336,"17700000000718327",17700000000000209,21.0,2024-06-24 23:53:28.331,2024-06-25 00:25:46.008,2024-06-25 01:23:44.274,22.8
"17700000123134325",17700000002358336,"17700000000718327",17700000000000210,20.0,2024-06-24 20:48:58.829,2024-06-25 00:24:59.190,2024-06-25 01:23:44.274,22.8
"17700000123134591",17700000002358336,"17700000000718327",17700000000021564,25.0,2024-06-21 20:36:26.170,2024-06-25 00:23:07.456,2024-06-25 01:23:44.274,22.8
"17700000123134306",17700000002358336,"17700000000718327",17700000000076331,24.0,2024-06-24 20:31:46.199,2024-06-25 00:23:01.725,2024-06-25 01:23:44.274,22.8
"17700000123134477",17700000002358336,"17700000000718327",17700000000083430,24.0,2024-06-24 15:02:52.646,2024-06-25 00:23:54.269,2024-06-25 01:23:44.274,22.8
"17700000123134401",17700000002358336,"17700000000718327",17700000000113901,23.0,2024-06-24 16:28:13.213,2024-06-25 00:24:35.947,2024-06-25 01:23:44.274,22.8
"17700000123134572",17700000002358336,"17700000000718327",17700000000151503,24.0,2024-06-24 15:07:20.351,2024-06-25 00:24:44.530,2024-06-25 01:23:44.274,22.8
"17700000123134667",17700000002358336,"17700000000718327",17700000000216971,24.0,2024-06-24 15:54:37.708,2024-06-25 00:23:31.657,2024-06-25 01:23:44.274,22.8
"17700000123134363",17700000002358336,"17700000000718327",17700000000348579,23.0,2024-06-25 00:08:00.361,2024-06-25 00:22:20.102,2024-06-25 01:23:44.274,22.8
"17700000123134249",17700000002358336,"17700000000718327",17700000000473725,24.0,2024-06-24 20:12:54.305,2024-06-25 00:23:12.063,2024-06-25 01:23:44.274,22.8
"17700000123134344",17700000002358336,"17700000000718327",17700000000473996,22.0,2024-06-13 20:34:23.412,2024-06-25 00:22:54.605,2024-06-25 01:23:44.274,22.8
"17700000123134268",17700000002358336,"17700000000718327",17700000000473997,22.0,2024-06-24 23:43:31.897,2024-06-25 00:25:28.865,2024-06-25 01:23:44.274,22.8
"17700000123134230",17700000002358336,"17700000000718327",17700000000473998,21.0,2024-06-13 19:14:09.480,2024-06-25 00:25:54.898,2024-06-25 01:23:44.274,22.8
"17700000123134515",17700000002358336,"17700000000718327",17700000000473999,25.0,2024-06-13 19:20:08.203,2024-06-25 00:22:04.942,2024-06-25 01:23:44.274,22.8
"17700000123134496",17700000002358336,"17700000000718327",17700000000474000,23.0,2024-06-13 19:34:59.072,2024-06-25 00:22:12.532,2024-06-25 01:23:44.274,22.8
"17700000123134439",17700000002358336,"17700000000718327",17700000000474001,18.0,2024-06-13 19:43:21.171,2024-06-25 00:22:39.436,2024-06-25 01:23:44.274,22.8
"17700000123134553",17700000002358336,"17700000000718327",17700000000474785,24.0,2024-06-24 17:46:22.964,2024-06-25 00:25:19.562,2024-06-25 01:23:44.274,22.8
"17700000123134420",17700000002358336,"17700000000718327",17700000000492463,25.0,2024-06-24 17:36:07.443,2024-06-25 00:24:01.154,2024-06-25 01:23:44.274,22.8
"17700000123702890",17700000002358336,"17700000000718327",17700000000640180,24.0,2024-06-17 14:47:19.462,2024-06-25 00:24:49.598,2024-06-25 01:23:44.274,22.8
"17700000123134382",17700000002358336,"17700000000718327",17700000000675737,24.0,2024-06-24 20:04:24.311,2024-06-25 00:23:46.106,2024-06-25 01:23:44.274,22.8
"17700000123134610",17700000002358336,"17700000000718327",17700000000750269,25.0,2024-06-24 15:38:34.399,2024-06-25 00:23:22.407,2024-06-25 01:23:44.274,22.8
"17700000123134705",17700000002358336,"17700000000718327",17700000000825315,23.0,2024-06-24 16:02:48.269,2024-06-25 00:23:38.761,2024-06-25 01:23:44.274,22.8
"17700000123134630",17700000002358337,"17700000000718327",17700000000000094,,2024-06-24 18:03:08.849,,,
"17700000123134212",17700000002358337,"17700000000718327",17700000000000099,,2024-06-25 00:58:35.505,,,
"17700000123134725",17700000002358337,"17700000000718327",17700000000000101,,2024-06-25 01:13:14.174,,,
"17700000123134535",17700000002358337,"17700000000718327",17700000000000204,,2024-06-24 18:11:20.204,,,
"17700000123134687",17700000002358337,"17700000000718327",17700000000000205,,2024-06-25 01:19:07.012,,,
"17700000123134649",17700000002358337,"17700000000718327",17700000000000206,,2024-06-24 20:46:25.347,,,
"17700000123134288",17700000002358337,"17700000000718327",17700000000000208,,2024-06-24 23:51:10.293,,,
"17700000123134459",17700000002358337,"17700000000718327",17700000000000209,,2024-06-24 23:55:55.788,,,
"17700000123134326",17700000002358337,"17700000000718327",17700000000000210,,2024-06-24 20:52:31.237,,,
"17700000123134592",17700000002358337,"17700000000718327",17700000000021564,,2024-06-25 01:00:29.512,,,
"17700000123134307",17700000002358337,"17700000000718327",17700000000076331,,2024-06-24 20:34:21.300,,,
"17700000123134478",17700000002358337,"17700000000718327",17700000000083430,,2024-06-25 01:09:02.297,,,
"17700000123134402",17700000002358337,"17700000000718327",17700000000113901,,2024-06-25 01:15:20.047,,,
"17700000123134573",17700000002358337,"17700000000718327",17700000000151503,,2024-06-25 01:17:38.370,,,
"17700000123134668",17700000002358337,"17700000000718327",17700000000216971,,2024-06-25 01:04:18.596,,,
"17700000123134364",17700000002358337,"17700000000718327",17700000000348579,,2024-06-25 00:11:09.506,,,
"17700000123134250",17700000002358337,"17700000000718327",17700000000473725,,2024-06-24 20:18:00.365,,,
"17700000123134345",17700000002358337,"17700000000718327",17700000000473996,,2024-06-24 20:37:32.009,,,
"17700000123134269",17700000002358337,"17700000000718327",17700000000473997,,2024-06-24 23:45:54.643,,,
"17700000123134231",17700000002358337,"17700000000718327",17700000000473998,,2024-06-25 01:22:29.413,,,
"17700000123134516",17700000002358337,"17700000000718327",17700000000473999,,2024-06-25 00:53:02.360,,,
"17700000123134497",17700000002358337,"17700000000718327",17700000000474000,,2024-06-25 00:54:51.717,,,
"17700000123134440",17700000002358337,"17700000000718327",17700000000474001,,2024-06-25 00:56:32.848,,,
"17700000123134554",17700000002358337,"17700000000718327",17700000000474785,,2024-06-25 01:21:08.439,,,
"17700000123134421",17700000002358337,"17700000000718327",17700000000492463,,2024-06-25 01:10:58.714,,,
"17700000123702891",17700000002358337,"17700000000718327",17700000000640180,,2024-06-19 14:58:11.871,,,
"17700000123134383",17700000002358337,"17700000000718327",17700000000675737,,2024-06-24 20:09:09.739,,,
"17700000123134611",17700000002358337,"17700000000718327",17700000000750269,,2024-06-25 01:01:42.098,,,
"17700000123134706",17700000002358337,"17700000000718327",17700000000825315,,2024-06-25 01:07:53.459,,,
"17700000123134631",17700000002358338,"17700000000718327",17700000000000094,,,,,
"17700000123134213",17700000002358338,"17700000000718327",17700000000000099,,,,,
"17700000123134726",17700000002358338,"17700000000718327",17700000000000101,,,,,
"17700000123134536",17700000002358338,"17700000000718327",17700000000000204,,,,,
"17700000123134688",17700000002358338,"17700000000718327",17700000000000205,,,,,
"17700000123134650",17700000002358338,"17700000000718327",17700000000000206,,,,,
"17700000123134289",17700000002358338,"17700000000718327",17700000000000208,,,,,
"17700000123134460",17700000002358338,"17700000000718327",17700000000000209,,,,,
"17700000123134327",17700000002358338,"17700000000718327",17700000000000210,,,,,
"17700000123134593",17700000002358338,"17700000000718327",17700000000021564,,,,,
"17700000123134308",17700000002358338,"17700000000718327",17700000000076331,,,,,
"17700000123134479",17700000002358338,"17700000000718327",17700000000083430,,,,,
"17700000123134403",17700000002358338,"17700000000718327",17700000000113901,,,,,
"17700000123134574",17700000002358338,"17700000000718327",17700000000151503,,,,,
"17700000123134669",17700000002358338,"17700000000718327",17700000000216971,,,,,
"17700000123134365",17700000002358338,"17700000000718327",17700000000348579,,,,,
"17700000123134251",17700000002358338,"17700000000718327",17700000000473725,,,,,
"17700000123134346",17700000002358338,"17700000000718327",17700000000473996,,,,,
"17700000123134270",17700000002358338,"17700000000718327",17700000000473997,,,,,
"17700000123134232",17700000002358338,"17700000000718327",17700000000473998,,,,,
"17700000123134517",17700000002358338,"17700000000718327",17700000000473999,,,,,
"17700000123134498",17700000002358338,"17700000000718327",17700000000474000,,,,,
"17700000123134441",17700000002358338,"17700000000718327",17700000000474001,,,,,
"17700000123134555",17700000002358338,"17700000000718327",17700000000474785,,,,,
"17700000123134422",17700000002358338,"17700000000718327",17700000000492463,,,,,
"17700000123702892",17700000002358338,"17700000000718327",17700000000640180,,,,,
"17700000123134384",17700000002358338,"17700000000718327",17700000000675737,,,,,
"17700000123134612",17700000002358338,"17700000000718327",17700000000750269,,,,,
"17700000123134707",17700000002358338,"17700000000718327",17700000000825315,,,,,
"17700000123134632",17700000002358339,"17700000000718327",17700000000000094,147.0,2024-06-24 18:00:12.593,2024-06-25 00:34:31.809,2024-06-25 01:24:29.688,138.3
"17700000123134214",17700000002358339,"17700000000718327",17700000000000099,138.0,2024-06-13 20:29:30.406,2024-06-25 00:31:44.995,2024-06-25 01:24:29.688,138.3
"17700000123134727",17700000002358339,"17700000000718327",17700000000000101,146.0,2024-06-24 16:22:13.969,2024-06-25 00:33:02.410,2024-06-25 01:24:29.688,138.3
"17700000123134537",17700000002358339,"17700000000718327",17700000000000204,147.0,2024-06-24 18:09:56.881,2024-06-25 00:33:37.476,2024-06-25 01:24:29.688,138.3
"17700000123134689",17700000002358339,"17700000000718327",17700000000000205,138.0,2024-06-24 23:39:59.548,2024-06-25 00:33:43.661,2024-06-25 01:24:29.688,138.3
"17700000123134651",17700000002358339,"17700000000718327",17700000000000206,122.0,2024-06-24 20:44:52.127,2024-06-25 00:33:07.575,2024-06-25 01:24:29.688,138.3
"17700000123134290",17700000002358339,"17700000000718327",17700000000000208,136.0,2024-06-24 23:49:08.937,2024-06-25 00:34:10.201,2024-06-25 01:24:29.688,138.3
"17700000123134461",17700000002358339,"17700000000718327",17700000000000209,123.0,2024-06-24 23:54:33.033,2024-06-25 00:34:18.126,2024-06-25 01:24:29.688,138.3
"17700000123134328",17700000002358339,"17700000000718327",17700000000000210,110.0,2024-06-24 20:51:14.918,2024-06-25 00:33:30.743,2024-06-25 01:24:29.688,138.3
"17700000123134594",17700000002358339,"17700000000718327",17700000000021564,148.0,2024-06-21 20:33:57.646,2024-06-25 00:32:11.868,2024-06-25 01:24:29.688,138.3
"17700000123134309",17700000002358339,"17700000000718327",17700000000076331,145.0,2024-06-13 21:12:20.313,2024-06-25 00:32:05.356,2024-06-25 01:24:29.688,138.3
"17700000123134480",17700000002358339,"17700000000718327",17700000000083430,139.0,2024-06-24 14:59:42.428,2024-06-25 00:32:50.917,2024-06-25 01:24:29.688,138.3
"17700000123134404",17700000002358339,"17700000000718327",17700000000113901,140.0,2024-06-24 16:33:38.449,2024-06-25 00:33:14.286,2024-06-25 01:24:29.688,138.3
"17700000123134575",17700000002358339,"17700000000718327",17700000000151503,142.0,2024-06-24 15:19:35.327,2024-06-25 00:33:19.438,2024-06-25 01:24:29.688,138.3
"17700000123134670",17700000002358339,"17700000000718327",17700000000216971,140.0,2024-06-24 15:58:45.614,2024-06-25 00:32:32.056,2024-06-25 01:24:29.688,138.3
"17700000123134366",17700000002358339,"17700000000718327",17700000000348579,140.0,2024-06-13 19:21:35.125,2024-06-25 00:31:26.488,2024-06-25 01:24:29.688,138.3
"17700000123134252",17700000002358339,"17700000000718327",17700000000473725,144.0,2024-06-24 20:16:10.450,2024-06-25 00:32:17.284,2024-06-25 01:24:29.688,138.3
"17700000123134347",17700000002358339,"17700000000718327",17700000000473996,133.0,2024-06-13 20:35:16.619,2024-06-25 00:31:57.388,2024-06-25 01:24:29.688,138.3
"17700000123134271",17700000002358339,"17700000000718327",17700000000473997,138.0,2024-06-24 23:44:31.999,2024-06-25 00:34:01.932,2024-06-25 01:24:29.688,138.3
"17700000123134233",17700000002358339,"17700000000718327",17700000000473998,120.0,2024-06-13 17:37:46.676,2024-06-25 00:34:25.937,2024-06-25 01:24:29.688,138.3
"17700000123134518",17700000002358339,"17700000000718327",17700000000473999,149.0,2024-06-13 19:20:29.728,2024-06-25 00:31:03.228,2024-06-25 01:24:29.688,138.3
"17700000123134499",17700000002358339,"17700000000718327",17700000000474000,135.0,2024-06-13 19:35:26.768,2024-06-25 00:31:14.824,2024-06-25 01:24:29.688,138.3
"17700000123134442",17700000002358339,"17700000000718327",17700000000474001,123.0,2024-06-13 19:44:17.833,2024-06-25 00:31:32.025,2024-06-25 01:24:29.688,138.3
"17700000123134556",17700000002358339,"17700000000718327",17700000000474785,147.0,2024-06-24 17:53:39.327,2024-06-25 00:33:54.833,2024-06-25 01:24:29.688,138.3
"17700000123134423",17700000002358339,"17700000000718327",17700000000492463,146.0,2024-06-24 17:42:03.626,2024-06-25 00:32:56.681,2024-06-25 01:24:29.688,138.3
"17700000123702893",17700000002358339,"17700000000718327",17700000000640180,140.0,2024-06-17 15:51:02.676,2024-06-25 00:33:24.967,2024-06-25 01:24:29.688,138.3
"17700000123134385",17700000002358339,"17700000000718327",17700000000675737,149.0,2024-06-24 20:07:20.816,2024-06-25 00:32:44.077,2024-06-25 01:24:29.688,138.3
"17700000123134613",17700000002358339,"17700000000718327",17700000000750269,148.0,2024-06-24 15:50:53.401,2024-06-25 00:32:22.487,2024-06-25 01:24:29.688,138.3
"17700000123134708",17700000002358339,"17700000000718327",17700000000825315,137.0,2024-06-24 16:10:32.847,2024-06-25 00:32:38.816,2024-06-25 01:24:29.688,138.3
"17700000123134633",17700000002358340,"17700000000718327",17700000000000094,,2024-06-24 18:01:25.535,2024-06-25 00:38:12.977,,
"17700000123134215",17700000002358340,"17700000000718327",17700000000000099,,2024-06-13 20:30:01.611,2024-06-25 00:35:48.190,,
"17700000123134728",17700000002358340,"17700000000718327",17700000000000101,,2024-06-24 16:22:37.628,2024-06-25 00:36:47.244,,
"17700000123134538",17700000002358340,"17700000000718327",17700000000000204,,2024-06-24 18:10:14.526,2024-06-25 00:37:29.385,,
"17700000123134690",17700000002358340,"17700000000718327",17700000000000205,,2024-06-24 23:40:13.474,2024-06-25 00:37:33.882,,
"17700000123134652",17700000002358340,"17700000000718327",17700000000000206,,2024-06-24 20:45:07.813,2024-06-25 00:36:51.988,,
"17700000123134291",17700000002358340,"17700000000718327",17700000000000208,,2024-06-24 23:49:22.429,2024-06-25 00:37:56.051,,
"17700000123134462",17700000002358340,"17700000000718327",17700000000000209,,2024-06-24 23:54:46.824,2024-06-25 00:38:02.760,,
"17700000123134329",17700000002358340,"17700000000718327",17700000000000210,,2024-06-24 20:51:32.364,2024-06-25 00:37:24.622,,
"17700000123134595",17700000002358340,"17700000000718327",17700000000021564,,2024-06-21 20:34:18.200,2024-06-25 00:36:04.620,,
"17700000123134310",17700000002358340,"17700000000718327",17700000000076331,,2024-06-13 21:12:42.273,2024-06-25 00:36:00.347,,
"17700000123134481",17700000002358340,"17700000000718327",17700000000083430,,2024-06-24 15:00:01.246,2024-06-25 00:36:38.153,,
"17700000123134405",17700000002358340,"17700000000718327",17700000000113901,,2024-06-24 16:27:37.829,2024-06-25 00:37:04.588,,
"17700000123134576",17700000002358340,"17700000000718327",17700000000151503,,2024-06-24 15:20:09.388,2024-06-25 00:37:08.689,,
"17700000123134671",17700000002358340,"17700000000718327",17700000000216971,,2024-06-24 15:59:15.312,2024-06-25 00:36:24.454,,
"17700000123134367",17700000002358340,"17700000000718327",17700000000348579,,2024-06-25 00:09:58.556,2024-06-25 00:35:39.794,,
"17700000123134253",17700000002358340,"17700000000718327",17700000000473725,,2024-06-24 20:16:42.918,2024-06-25 00:36:12.317,,
"17700000123134348",17700000002358340,"17700000000718327",17700000000473996,,2024-06-13 20:35:42.296,2024-06-25 00:35:56.209,,
"17700000123134272",17700000002358340,"17700000000718327",17700000000473997,,2024-06-24 23:44:47.519,2024-06-25 00:37:49.157,,
"17700000123134234",17700000002358340,"17700000000718327",17700000000473998,,2024-06-24 23:56:55.048,2024-06-25 00:38:09.152,,
"17700000123134519",17700000002358340,"17700000000718327",17700000000473999,,2024-06-11 19:53:39.678,2024-06-25 00:35:15.031,,
"17700000123134500",17700000002358340,"17700000000718327",17700000000474000,,2024-06-13 19:36:21.819,2024-06-25 00:35:22.677,,
"17700000123134443",17700000002358340,"17700000000718327",17700000000474001,,2024-06-13 19:44:47.993,2024-06-25 00:35:44.260,,
"17700000123134557",17700000002358340,"17700000000718327",17700000000474785,,2024-06-24 17:54:04.649,2024-06-25 00:37:39.231,,
"17700000123134424",17700000002358340,"17700000000718327",17700000000492463,,2024-06-24 17:42:44.612,2024-06-25 00:36:42.464,,
"17700000123702894",17700000002358340,"17700000000718327",17700000000640180,,2024-06-17 15:52:39.324,2024-06-25 00:37:12.723,,
"17700000123134386",17700000002358340,"17700000000718327",17700000000675737,,2024-06-24 20:07:40.069,2024-06-25 00:36:32.901,,
"17700000123134614",17700000002358340,"17700000000718327",17700000000750269,,2024-06-24 15:51:17.392,2024-06-25 00:36:16.854,,
"17700000123134709",17700000002358340,"17700000000718327",17700000000825315,,2024-06-24 16:10:52.532,2024-06-25 00:36:29.237,,
"17700000123134634",17700000002358341,"17700000000718327",17700000000000094,39.0,2024-06-24 18:00:47.652,2024-06-25 00:18:49.433,2024-06-25 01:23:31.245,37.5
"17700000123134216",17700000002358341,"17700000000718327",17700000000000099,38.0,2024-06-13 20:00:38.695,2024-06-25 00:15:36.737,2024-06-25 01:23:31.245,37.5
"17700000123134729",17700000002358341,"17700000000718327",17700000000000101,38.0,2024-06-24 16:20:23.686,2024-06-25 00:17:01.471,2024-06-25 01:23:31.245,37.5
"17700000123134539",17700000002358341,"17700000000718327",17700000000000204,40.0,2024-06-24 18:08:33.679,2024-06-25 00:17:51.032,2024-06-25 01:23:31.245,37.5
"17700000123134691",17700000002358341,"17700000000718327",17700000000000205,38.0,2024-06-24 23:39:38.943,2024-06-25 00:17:58.479,2024-06-25 01:23:31.245,37.5
"17700000123134653",17700000002358341,"17700000000718327",17700000000000206,33.0,2024-06-24 20:44:15.161,2024-06-25 00:17:08.587,2024-06-25 01:23:31.245,37.5
"17700000123134292",17700000002358341,"17700000000718327",17700000000000208,34.0,2024-06-24 23:48:44.299,2024-06-25 00:18:29.475,2024-06-25 01:23:31.245,37.5
"17700000123134463",17700000002358341,"17700000000718327",17700000000000209,37.0,2024-06-24 23:53:44.542,2024-06-25 00:18:36.873,2024-06-25 01:23:31.245,37.5
"17700000123134330",17700000002358341,"17700000000718327",17700000000000210,36.0,2024-06-24 20:49:22.178,2024-06-25 00:17:45.567,2024-06-25 01:23:31.245,37.5
"17700000123134596",17700000002358341,"17700000000718327",17700000000021564,40.0,2024-06-21 20:37:15.079,2024-06-25 00:15:57.964,2024-06-25 01:23:31.245,37.5
"17700000123134311",17700000002358341,"17700000000718327",17700000000076331,39.0,2024-06-25 00:12:45.205,2024-06-25 00:15:51.100,2024-06-25 01:23:31.245,37.5
"17700000123134482",17700000002358341,"17700000000718327",17700000000083430,38.0,2024-06-24 15:03:50.272,2024-06-25 00:16:45.968,2024-06-25 01:23:31.245,37.5
"17700000123134406",17700000002358341,"17700000000718327",17700000000113901,38.0,2024-06-24 16:29:02.082,2024-06-25 00:17:18.831,2024-06-25 01:23:31.245,37.5
"17700000123134577",17700000002358341,"17700000000718327",17700000000151503,38.0,2024-06-24 15:08:36.914,2024-06-25 00:17:26.455,2024-06-25 01:23:31.245,37.5
"17700000123134672",17700000002358341,"17700000000718327",17700000000216971,38.0,2024-06-24 15:55:43.145,2024-06-25 00:16:22.409,2024-06-25 01:23:31.245,37.5
"17700000123134368",17700000002358341,"17700000000718327",17700000000348579,37.0,2024-06-25 00:09:25.201,2024-06-25 00:15:21.728,2024-06-25 01:23:31.245,37.5
"17700000123134254",17700000002358341,"17700000000718327",17700000000473725,38.0,2024-06-24 20:13:58.624,2024-06-25 00:16:07.030,2024-06-25 01:23:31.245,37.5
"17700000123134349",17700000002358341,"17700000000718327",17700000000473996,36.0,2024-06-13 20:33:58.513,2024-06-25 00:15:44.650,2024-06-25 01:23:31.245,37.5
"17700000123134273",17700000002358341,"17700000000718327",17700000000473997,37.0,2024-06-24 23:44:12.897,2024-06-25 00:18:19.321,2024-06-25 01:23:31.245,37.5
"17700000123134235",17700000002358341,"17700000000718327",17700000000473998,32.0,2024-06-13 17:50:29.337,2024-06-25 00:18:43.433,2024-06-25 01:23:31.245,37.5
"17700000123134520",17700000002358341,"17700000000718327",17700000000473999,39.0,2024-06-13 19:19:47.274,2024-06-25 00:14:54.642,2024-06-25 01:23:31.245,37.5
"17700000123134501",17700000002358341,"17700000000718327",17700000000474000,37.0,2024-06-13 19:34:23.064,2024-06-25 00:15:07.872,2024-06-25 01:23:31.245,37.5
"17700000123134444",17700000002358341,"17700000000718327",17700000000474001,35.0,2024-06-13 19:43:00.495,2024-06-25 00:15:26.894,2024-06-25 01:23:31.245,37.5
"17700000123134558",17700000002358341,"17700000000718327",17700000000474785,40.0,2024-06-24 17:47:35.487,2024-06-25 00:18:04.255,2024-06-25 01:23:31.245,37.5
"17700000123134425",17700000002358341,"17700000000718327",17700000000492463,39.0,2024-06-24 17:36:53.427,2024-06-25 00:16:54.305,2024-06-25 01:23:31.245,37.5
"17700000123702895",17700000002358341,"17700000000718327",17700000000640180,39.0,2024-06-17 15:05:04.422,2024-06-25 00:17:35.118,2024-06-25 01:23:31.245,37.5
"17700000123134387",17700000002358341,"17700000000718327",17700000000675737,39.0,2024-06-24 20:05:15.569,2024-06-25 00:16:38.200,2024-06-25 01:23:31.245,37.5
"17700000123134615",17700000002358341,"17700000000718327",17700000000750269,39.0,2024-06-24 15:39:23.488,2024-06-25 00:16:13.826,2024-06-25 01:23:31.245,37.5
"17700000123134710",17700000002358341,"17700000000718327",17700000000825315,37.0,2024-06-24 16:03:49.078,2024-06-25 00:16:29.140,2024-06-25 01:23:31.245,37.5
"17700000123134635",17700000002358342,"17700000000718327",17700000000000094,,,,,
"17700000123134217",17700000002358342,"17700000000718327",17700000000000099,,,,,
"17700000123134730",17700000002358342,"17700000000718327",17700000000000101,,,,,
"17700000123134540",17700000002358342,"17700000000718327",17700000000000204,,,,,
"17700000123134692",17700000002358342,"17700000000718327",17700000000000205,,,,,
"17700000123134654",17700000002358342,"17700000000718327",17700000000000206,,,,,
"17700000123134293",17700000002358342,"17700000000718327",17700000000000208,,,,,
"17700000123134464",17700000002358342,"17700000000718327",17700000000000209,,,,,
"17700000123134331",17700000002358342,"17700000000718327",17700000000000210,,,,,
"17700000123134597",17700000002358342,"17700000000718327",17700000000021564,,,,,
"17700000123134312",17700000002358342,"17700000000718327",17700000000076331,,,,,
"17700000123134483",17700000002358342,"17700000000718327",17700000000083430,,,,,
"17700000123134407",17700000002358342,"17700000000718327",17700000000113901,,,,,
"17700000123134578",17700000002358342,"17700000000718327",17700000000151503,,,,,
"17700000123134673",17700000002358342,"17700000000718327",17700000000216971,,,,,
"17700000123134369",17700000002358342,"17700000000718327",17700000000348579,,,,,
"17700000123134255",17700000002358342,"17700000000718327",17700000000473725,,,,,
"17700000123134350",17700000002358342,"17700000000718327",17700000000473996,,,,,
"17700000123134274",17700000002358342,"17700000000718327",17700000000473997,,,,,
"17700000123134236",17700000002358342,"17700000000718327",17700000000473998,,,,,
"17700000123134521",17700000002358342,"17700000000718327",17700000000473999,,,,,
"17700000123134502",17700000002358342,"17700000000718327",17700000000474000,,,,,
"17700000123134445",17700000002358342,"17700000000718327",17700000000474001,,,,,
"17700000123134559",17700000002358342,"17700000000718327",17700000000474785,,,,,
"17700000123134426",17700000002358342,"17700000000718327",17700000000492463,,,,,
"17700000123702896",17700000002358342,"17700000000718327",17700000000640180,,2024-06-19 17:49:13.885,,,
"17700000123134388",17700000002358342,"17700000000718327",17700000000675737,,,,,
"17700000123134616",17700000002358342,"17700000000718327",17700000000750269,,,,,
"17700000123134711",17700000002358342,"17700000000718327",17700000000825315,,,,,
"17700000123134636",17700000002358343,"17700000000718327",17700000000000094,,,,,
"17700000123134218",17700000002358343,"17700000000718327",17700000000000099,,,,,
"17700000123134731",17700000002358343,"17700000000718327",17700000000000101,,,,,
"17700000123134541",17700000002358343,"17700000000718327",17700000000000204,,,,,
"17700000123134693",17700000002358343,"17700000000718327",17700000000000205,,,,,
"17700000123134655",17700000002358343,"17700000000718327",17700000000000206,,,,,
"17700000123134294",17700000002358343,"17700000000718327",17700000000000208,,,,,
"17700000123134465",17700000002358343,"17700000000718327",17700000000000209,,,,,
"17700000123134332",17700000002358343,"17700000000718327",17700000000000210,,,,,
"17700000123134598",17700000002358343,"17700000000718327",17700000000021564,,,,,
"17700000123134313",17700000002358343,"17700000000718327",17700000000076331,,,,,
"17700000123134484",17700000002358343,"17700000000718327",17700000000083430,,,,,
"17700000123134408",17700000002358343,"17700000000718327",17700000000113901,,,,,
"17700000123134579",17700000002358343,"17700000000718327",17700000000151503,,,,,
"17700000123134674",17700000002358343,"17700000000718327",17700000000216971,,,,,
"17700000123134370",17700000002358343,"17700000000718327",17700000000348579,,,,,
"17700000123134256",17700000002358343,"17700000000718327",17700000000473725,,,,,
"17700000123134351",17700000002358343,"17700000000718327",17700000000473996,,,,,
"17700000123134275",17700000002358343,"17700000000718327",17700000000473997,,,,,
"17700000123134237",17700000002358343,"17700000000718327",17700000000473998,,,,,
"17700000123134522",17700000002358343,"17700000000718327",17700000000473999,,,,,
"17700000123134503",17700000002358343,"17700000000718327",17700000000474000,,,,,
"17700000123134446",17700000002358343,"17700000000718327",17700000000474001,,,,,
"17700000123134560",17700000002358343,"17700000000718327",17700000000474785,,,,,
"17700000123134427",17700000002358343,"17700000000718327",17700000000492463,,,,,
"17700000123702897",17700000002358343,"17700000000718327",17700000000640180,,,,,
"17700000123134389",17700000002358343,"17700000000718327",17700000000675737,,,,,
"17700000123134617",17700000002358343,"17700000000718327",17700000000750269,,,,,
"17700000123134712",17700000002358343,"17700000000718327",17700000000825315,,,,,
"17700000123134637",17700000002358344,"17700000000718327",17700000000000094,,,,,
"17700000123134219",17700000002358344,"17700000000718327",17700000000000099,,,,,
"17700000123134732",17700000002358344,"17700000000718327",17700000000000101,,,,,
"17700000123134542",17700000002358344,"17700000000718327",17700000000000204,,,,,
"17700000123134694",17700000002358344,"17700000000718327",17700000000000205,,,,,
"17700000123134656",17700000002358344,"17700000000718327",17700000000000206,,,,,
"17700000123134295",17700000002358344,"17700000000718327",17700000000000208,,,,,
"17700000123134466",17700000002358344,"17700000000718327",17700000000000209,,,,,
"17700000123134333",17700000002358344,"17700000000718327",17700000000000210,,,,,
"17700000123134599",17700000002358344,"17700000000718327",17700000000021564,,,,,
"17700000123134314",17700000002358344,"17700000000718327",17700000000076331,,,,,
"17700000123134485",17700000002358344,"17700000000718327",17700000000083430,,,,,
"17700000123134409",17700000002358344,"17700000000718327",17700000000113901,,,,,
"17700000123134580",17700000002358344,"17700000000718327",17700000000151503,,,,,
"17700000123134675",17700000002358344,"17700000000718327",17700000000216971,,,,,
"17700000123134371",17700000002358344,"17700000000718327",17700000000348579,,,,,
"17700000123134257",17700000002358344,"17700000000718327",17700000000473725,,,,,
"17700000123134352",17700000002358344,"17700000000718327",17700000000473996,,,,,
"17700000123134276",17700000002358344,"17700000000718327",17700000000473997,,,,,
"17700000123134238",17700000002358344,"17700000000718327",17700000000473998,,,,,
"17700000123134523",17700000002358344,"17700000000718327",17700000000473999,,,,,
"17700000123134504",17700000002358344,"17700000000718327",17700000000474000,,,,,
"17700000123134447",17700000002358344,"17700000000718327",17700000000474001,,,,,
"17700000123134561",17700000002358344,"17700000000718327",17700000000474785,,,,,
"17700000123134428",17700000002358344,"17700000000718327",17700000000492463,,,,,
"17700000123702898",17700000002358344,"17700000000718327",17700000000640180,,,,,
"17700000123134390",17700000002358344,"17700000000718327",17700000000675737,,,,,
"17700000123134618",17700000002358344,"17700000000718327",17700000000750269,,,,,
"17700000123134713",17700000002358344,"17700000000718327",17700000000825315,,,,,
